Id,IsDeleted,Name,CreatedDate,CreatedById,LastModifiedDate,LastModifiedById,SystemModstamp,Event__c,Action__c,UniqueKey__c
a013F0000010ZcIQAU,false,ExA-0000,2018-08-31T00:33:44.000+0000,0053F000001vgGXQAY,2018-08-31T00:33:44.000+0000,0053F000001vgGXQAY,2018-08-31T00:33:44.000+0000,a023F000002y60rQAA,a003F000001OT02QAG,a023F000002y60rQAA|a003F000001OT02QAG
a013F0000010ZcJQAU,false,ExA-0001,2018-08-31T00:33:44.000+0000,0053F000001vgGXQAY,2018-08-31T00:33:44.000+0000,0053F000001vgGXQAY,2018-08-31T00:33:44.000+0000,a023F000002y60rQAA,a003F000001OT03QAG,a023F000002y60rQAA|a003F000001OT03QAG
a013F0000010ZcKQAU,false,ExA-0002,2018-08-31T00:33:44.000+0000,0053F000001vgGXQAY,2018-08-31T00:33:44.000+0000,0053F000001vgGXQAY,2018-08-31T00:33:44.000+0000,a023F000002y60rQAA,a003F000001OT04QAG,a023F000002y60rQAA|a003F000001OT04QAG
a013F0000010ZcMQAU,false,ExA-0004,2018-08-31T00:33:44.000+0000,0053F000001vgGXQAY,2018-08-31T00:33:44.000+0000,0053F000001vgGXQAY,2018-08-31T00:33:44.000+0000,a023F000002y60rQAA,a003F000001OT06QAG,a023F000002y60rQAA|a003F000001OT06QAG
a013F0000010ZcNQAU,false,ExA-0005,2018-08-31T00:33:44.000+0000,0053F000001vgGXQAY,2018-08-31T00:33:44.000+0000,0053F000001vgGXQAY,2018-08-31T00:33:44.000+0000,a023F000002y60rQAA,a003F000001OT07QAG,a023F000002y60rQAA|a003F000001OT07QAG
a013F0000010ZcOQAU,false,ExA-0006,2018-08-31T00:33:44.000+0000,0053F000001vgGXQAY,2018-08-31T00:33:44.000+0000,0053F000001vgGXQAY,2018-08-31T00:33:44.000+0000,a023F000002y60rQAA,a003F000001OT08QAG,a023F000002y60rQAA|a003F000001OT08QAG
a013F0000010ZcPQAU,false,ExA-0007,2018-08-31T00:33:44.000+0000,0053F000001vgGXQAY,2018-08-31T00:33:44.000+0000,0053F000001vgGXQAY,2018-08-31T00:33:44.000+0000,a023F000002y60rQAA,a003F000001OT09QAG,a023F000002y60rQAA|a003F000001OT09QAG
a013F0000010ZcQQAU,false,ExA-0008,2018-08-31T00:33:44.000+0000,0053F000001vgGXQAY,2018-08-31T00:33:44.000+0000,0053F000001vgGXQAY,2018-08-31T00:33:44.000+0000,a023F000002y60rQAA,a003F000001OT0AQAW,a023F000002y60rQAA|a003F000001OT0AQAW
a013F0000010ZcRQAU,false,ExA-0009,2018-08-31T00:33:44.000+0000,0053F000001vgGXQAY,2018-08-31T00:33:44.000+0000,0053F000001vgGXQAY,2018-08-31T00:33:44.000+0000,a023F000002y60rQAA,a003F000001OT0BQAW,a023F000002y60rQAA|a003F000001OT0BQAW
a013F0000010ZcSQAU,false,ExA-0010,2018-08-31T00:33:44.000+0000,0053F000001vgGXQAY,2018-08-31T00:33:44.000+0000,0053F000001vgGXQAY,2018-08-31T00:33:44.000+0000,a023F000002y60rQAA,a003F000001OT0CQAW,a023F000002y60rQAA|a003F000001OT0CQAW
a013F0000010ZcTQAU,false,ExA-0011,2018-08-31T00:33:44.000+0000,0053F000001vgGXQAY,2018-08-31T00:33:44.000+0000,0053F000001vgGXQAY,2018-08-31T00:33:44.000+0000,a023F000002y60rQAA,a003F000001OT0DQAW,a023F000002y60rQAA|a003F000001OT0DQAW
a013F0000010ZcUQAU,false,ExA-0012,2018-08-31T00:33:44.000+0000,0053F000001vgGXQAY,2018-08-31T00:33:44.000+0000,0053F000001vgGXQAY,2018-08-31T00:33:44.000+0000,a023F000002y60rQAA,a003F000001OT0EQAW,a023F000002y60rQAA|a003F000001OT0EQAW
a013F0000010ZcVQAU,false,ExA-0013,2018-08-31T00:33:44.000+0000,0053F000001vgGXQAY,2018-08-31T00:33:44.000+0000,0053F000001vgGXQAY,2018-08-31T00:33:44.000+0000,a023F000002y60rQAA,a003F000001OT0FQAW,a023F000002y60rQAA|a003F000001OT0FQAW
a013F0000010ZcWQAU,false,ExA-0014,2018-08-31T00:33:44.000+0000,0053F000001vgGXQAY,2018-08-31T00:33:44.000+0000,0053F000001vgGXQAY,2018-08-31T00:33:44.000+0000,a023F000002y60rQAA,a003F000001OT0GQAW,a023F000002y60rQAA|a003F000001OT0GQAW
a013F0000010ZcXQAU,false,ExA-0015,2018-08-31T00:33:44.000+0000,0053F000001vgGXQAY,2018-08-31T00:33:44.000+0000,0053F000001vgGXQAY,2018-08-31T00:33:44.000+0000,a023F000002y60rQAA,a003F000001OT0HQAW,a023F000002y60rQAA|a003F000001OT0HQAW
a013F0000010ZcZQAU,false,ExA-0017,2018-08-31T00:33:44.000+0000,0053F000001vgGXQAY,2018-08-31T00:33:44.000+0000,0053F000001vgGXQAY,2018-08-31T00:33:44.000+0000,a023F000002y60rQAA,a003F000001OT0JQAW,a023F000002y60rQAA|a003F000001OT0JQAW
a013F0000010ZcaQAE,false,ExA-0018,2018-08-31T00:33:44.000+0000,0053F000001vgGXQAY,2018-08-31T00:33:44.000+0000,0053F000001vgGXQAY,2018-08-31T00:33:44.000+0000,a023F000002y60rQAA,a003F000001OT0KQAW,a023F000002y60rQAA|a003F000001OT0KQAW
a013F0000010ZcbQAE,false,ExA-0019,2018-08-31T00:33:44.000+0000,0053F000001vgGXQAY,2018-08-31T00:33:44.000+0000,0053F000001vgGXQAY,2018-08-31T00:33:44.000+0000,a023F000002y60rQAA,a003F000001OT0LQAW,a023F000002y60rQAA|a003F000001OT0LQAW
a013F0000010ZcdQAE,false,ExA-0021,2018-08-31T00:33:44.000+0000,0053F000001vgGXQAY,2018-08-31T00:33:44.000+0000,0053F000001vgGXQAY,2018-08-31T00:33:44.000+0000,a023F000002y60rQAA,a003F000001OT0NQAW,a023F000002y60rQAA|a003F000001OT0NQAW
a013F0000010ZceQAE,false,ExA-0022,2018-08-31T00:33:44.000+0000,0053F000001vgGXQAY,2018-08-31T00:33:44.000+0000,0053F000001vgGXQAY,2018-08-31T00:33:44.000+0000,a023F000002y60rQAA,a003F000001OT0OQAW,a023F000002y60rQAA|a003F000001OT0OQAW
a013F0000010ZcfQAE,false,ExA-0023,2018-08-31T00:33:44.000+0000,0053F000001vgGXQAY,2018-08-31T00:33:44.000+0000,0053F000001vgGXQAY,2018-08-31T00:33:44.000+0000,a023F000002y60rQAA,a003F000001OT0PQAW,a023F000002y60rQAA|a003F000001OT0PQAW
a013F0000010ZcgQAE,false,ExA-0024,2018-08-31T00:33:44.000+0000,0053F000001vgGXQAY,2018-08-31T00:33:44.000+0000,0053F000001vgGXQAY,2018-08-31T00:33:44.000+0000,a023F000002y60rQAA,a003F000001OT0QQAW,a023F000002y60rQAA|a003F000001OT0QQAW
a013F0000010ZciQAE,false,ExA-0026,2018-08-31T00:33:44.000+0000,0053F000001vgGXQAY,2018-08-31T00:33:44.000+0000,0053F000001vgGXQAY,2018-08-31T00:33:44.000+0000,a023F000002y60rQAA,a003F000001OT0SQAW,a023F000002y60rQAA|a003F000001OT0SQAW
a013F0000010ZcjQAE,false,ExA-0027,2018-08-31T00:33:44.000+0000,0053F000001vgGXQAY,2018-08-31T00:33:44.000+0000,0053F000001vgGXQAY,2018-08-31T00:33:44.000+0000,a023F000002y60rQAA,a003F000001OT0TQAW,a023F000002y60rQAA|a003F000001OT0TQAW
a013F0000010ZckQAE,false,ExA-0028,2018-08-31T00:33:44.000+0000,0053F000001vgGXQAY,2018-08-31T00:33:44.000+0000,0053F000001vgGXQAY,2018-08-31T00:33:44.000+0000,a023F000002y60rQAA,a003F000001OT0UQAW,a023F000002y60rQAA|a003F000001OT0UQAW
a013F0000010ZcmQAE,false,ExA-0030,2018-08-31T00:33:44.000+0000,0053F000001vgGXQAY,2018-08-31T00:33:44.000+0000,0053F000001vgGXQAY,2018-08-31T00:33:44.000+0000,a023F000002y60rQAA,a003F000001OT0WQAW,a023F000002y60rQAA|a003F000001OT0WQAW
a013F0000010ZcnQAE,false,ExA-0031,2018-08-31T00:33:44.000+0000,0053F000001vgGXQAY,2018-08-31T00:33:44.000+0000,0053F000001vgGXQAY,2018-08-31T00:33:44.000+0000,a023F000002y60rQAA,a003F000001OT0XQAW,a023F000002y60rQAA|a003F000001OT0XQAW
a013F0000010ZcoQAE,false,ExA-0032,2018-08-31T00:33:44.000+0000,0053F000001vgGXQAY,2018-08-31T00:33:44.000+0000,0053F000001vgGXQAY,2018-08-31T00:33:44.000+0000,a023F000002y60rQAA,a003F000001OT0YQAW,a023F000002y60rQAA|a003F000001OT0YQAW
a013F0000010ZcpQAE,false,ExA-0033,2018-08-31T00:33:44.000+0000,0053F000001vgGXQAY,2018-08-31T00:33:44.000+0000,0053F000001vgGXQAY,2018-08-31T00:33:44.000+0000,a023F000002y60rQAA,a003F000001OT0ZQAW,a023F000002y60rQAA|a003F000001OT0ZQAW
a013F0000010ZcqQAE,false,ExA-0034,2018-08-31T00:33:44.000+0000,0053F000001vgGXQAY,2018-08-31T00:33:44.000+0000,0053F000001vgGXQAY,2018-08-31T00:33:44.000+0000,a023F000002y60rQAA,a003F000001OT0aQAG,a023F000002y60rQAA|a003F000001OT0aQAG
a013F0000010ZcwQAE,false,ExA-0040,2018-08-31T00:33:44.000+0000,0053F000001vgGXQAY,2018-08-31T00:33:44.000+0000,0053F000001vgGXQAY,2018-08-31T00:33:44.000+0000,a023F000002y60rQAA,a003F000001OT0gQAG,a023F000002y60rQAA|a003F000001OT0gQAG
a013F0000010ZcyQAE,false,ExA-0042,2018-08-31T00:33:44.000+0000,0053F000001vgGXQAY,2018-08-31T00:33:44.000+0000,0053F000001vgGXQAY,2018-08-31T00:33:44.000+0000,a023F000002y60rQAA,a003F000001OT0iQAG,a023F000002y60rQAA|a003F000001OT0iQAG
a013F0000010ZczQAE,false,ExA-0043,2018-08-31T00:33:44.000+0000,0053F000001vgGXQAY,2018-08-31T00:33:44.000+0000,0053F000001vgGXQAY,2018-08-31T00:33:44.000+0000,a023F000002y60rQAA,a003F000001OT0jQAG,a023F000002y60rQAA|a003F000001OT0jQAG
a013F0000010Zd0QAE,false,ExA-0044,2018-08-31T00:33:44.000+0000,0053F000001vgGXQAY,2018-08-31T00:33:44.000+0000,0053F000001vgGXQAY,2018-08-31T00:33:44.000+0000,a023F000002y60rQAA,a003F000001OT0kQAG,a023F000002y60rQAA|a003F000001OT0kQAG
a013F0000010Zd1QAE,false,ExA-0045,2018-08-31T00:33:44.000+0000,0053F000001vgGXQAY,2018-08-31T00:33:44.000+0000,0053F000001vgGXQAY,2018-08-31T00:33:44.000+0000,a023F000002y60rQAA,a003F000001OT0lQAG,a023F000002y60rQAA|a003F000001OT0lQAG
a013F0000010Zd2QAE,false,ExA-0046,2018-08-31T00:33:44.000+0000,0053F000001vgGXQAY,2018-08-31T00:33:44.000+0000,0053F000001vgGXQAY,2018-08-31T00:33:44.000+0000,a023F000002y60rQAA,a003F000001OT0mQAG,a023F000002y60rQAA|a003F000001OT0mQAG
a013F0000010Zd3QAE,false,ExA-0047,2018-08-31T00:33:44.000+0000,0053F000001vgGXQAY,2018-08-31T00:33:44.000+0000,0053F000001vgGXQAY,2018-08-31T00:33:44.000+0000,a023F000002y60rQAA,a003F000001OT0nQAG,a023F000002y60rQAA|a003F000001OT0nQAG
a013F0000010Zd4QAE,false,ExA-0048,2018-08-31T00:33:44.000+0000,0053F000001vgGXQAY,2018-08-31T00:33:44.000+0000,0053F000001vgGXQAY,2018-08-31T00:33:44.000+0000,a023F000002y60rQAA,a003F000001OT0oQAG,a023F000002y60rQAA|a003F000001OT0oQAG
a013F0000010Zd5QAE,false,ExA-0049,2018-08-31T00:33:44.000+0000,0053F000001vgGXQAY,2018-08-31T00:33:44.000+0000,0053F000001vgGXQAY,2018-08-31T00:33:44.000+0000,a023F000002y60rQAA,a003F000001OT0pQAG,a023F000002y60rQAA|a003F000001OT0pQAG
a013F0000010fXfQAI,false,ExA-0051,2018-09-05T12:58:12.000+0000,0053F000001vgGXQAY,2018-09-05T13:00:23.000+0000,0053F000001vgGXQAY,2018-09-05T13:00:23.000+0000,a023F000002y8TYQAY,a003F000001OUoiQAG,a023F000002y8TYQAY|a003F000001OUoiQAG
a013F0000010fXpQAI,false,ExA-0053,2018-09-05T13:01:17.000+0000,0053F000001vgGXQAY,2018-09-05T13:01:17.000+0000,0053F000001vgGXQAY,2018-09-05T13:01:17.000+0000,a023F000002y60rQAA,a003F000001OUoxQAG,a023F000002y60rQAA|a003F000001OUoxQAG
a013F0000010fXkQAI,false,ExA-0052,2018-09-05T12:59:16.000+0000,0053F000001vgGXQAY,2018-09-05T13:00:55.000+0000,0053F000001vgGXQAY,2018-09-05T13:00:55.000+0000,a023F000002y8TYQAY,a003F000001OUoxQAG,a023F000002y8TYQAY|a003F000001OUoxQAG
a013F0000010fXuQAI,false,ExA-0054,2018-09-05T13:01:35.000+0000,0053F000001vgGXQAY,2018-09-05T13:01:35.000+0000,0053F000001vgGXQAY,2018-09-05T13:01:35.000+0000,a023F000002y60rQAA,a003F000001OUoiQAG,a023F000002y60rQAA|a003F000001OUoiQAG
